return_id,order_id,return_date,return_reason,refund_amount,refund_status
RET_00001,ORD_001429,2026-01-04,Changed Mind,288.83,Processed
RET_00002,ORD_007814,2025-11-12,Defective,475.0,Processed
RET_00003,ORD_007071,2025-12-15,Changed Mind,259.09,Processed
RET_00004,ORD_001648,2025-12-09,Size Issue,275.55,Processed
RET_00005,ORD_006224,2025-12-25,Size Issue,176.13,Processed
RET_00006,ORD_005092,2025-11-07,Quality Issue,330.71,Processed
RET_00007,ORD_005557,2025-12-16,Defective,257.79,Pending
RET_00008,ORD_006906,2025-12-12,Size Issue,1196.11,Rejected
RET_00009,ORD_005348,2026-01-03,Defective,753.81,Processed
RET_00010,ORD_007736,2025-11-29,Changed Mind,1840.5,Processed
RET_00011,ORD_003910,2025-12-12,Quality Issue,313.76,Processed
RET_00012,ORD_000600,2026-01-01,Changed Mind,237.58,Processed
RET_00013,ORD_001487,2025-11-30,Wrong Item,496.0,Processed
RET_00014,ORD_006887,2025-11-13,Defective,231.16,Processed
RET_00015,ORD_000126,2025-11-17,Defective,728.48,Processed
RET_00016,ORD_000281,2025-10-29,Changed Mind,757.92,Processed
RET_00017,ORD_007866,2025-11-14,Changed Mind,321.91,Processed
RET_00018,ORD_000851,2025-12-15,Defective,765.42,Pending
RET_00019,ORD_002157,2025-11-25,Defective,104.1,Rejected
RET_00020,ORD_000321,2026-01-01,Changed Mind,412.03,Processed
RET_00021,ORD_005241,2025-11-24,Wrong Item,291.79,Processed
RET_00022,ORD_004442,2025-11-10,Defective,282.7,Processed
RET_00023,ORD_003237,2025-12-04,Changed Mind,209.77,Processed
RET_00024,ORD_004123,2025-11-03,Changed Mind,168.0,Pending
RET_00025,ORD_002091,2025-10-20,Changed Mind,735.61,Processed
RET_00026,ORD_003519,2025-10-29,Defective,759.29,Processed
RET_00027,ORD_002838,2025-11-17,Size Issue,600.5,Processed
RET_00028,ORD_007650,2025-10-27,Changed Mind,190.59,Processed
RET_00029,ORD_006110,2026-01-04,Defective,321.34,Pending
RET_00030,ORD_004612,2025-12-03,Changed Mind,1182.67,Rejected
RET_00031,ORD_004040,2025-11-18,Quality Issue,202.47,Pending
RET_00032,ORD_005867,2025-11-07,Wrong Item,291.13,Processed
RET_00033,ORD_004738,2025-12-04,Wrong Item,197.55,Rejected
RET_00034,ORD_004062,2025-12-12,Wrong Item,431.43,Processed
RET_00035,ORD_001068,2026-01-02,Quality Issue,366.89,Pending
RET_00036,ORD_003460,2025-12-08,Changed Mind,471.0,Processed
RET_00037,ORD_005871,2025-11-08,Defective,865.25,Processed
RET_00038,ORD_000044,2025-12-26,Quality Issue,704.86,Pending
RET_00039,ORD_003509,2025-11-08,Defective,604.7,Processed
RET_00040,ORD_004709,2025-10-25,Changed Mind,203.4,Processed
RET_00041,ORD_000206,2025-11-06,Defective,403.82,Processed
RET_00042,ORD_000646,2025-11-28,Quality Issue,338.86,Rejected
RET_00043,ORD_000999,2026-01-04,Changed Mind,596.13,Processed
RET_00044,ORD_000175,2025-12-18,Defective,2111.29,Processed
RET_00045,ORD_002783,2025-10-16,Defective,663.29,Processed
RET_00046,ORD_001332,2025-10-13,Defective,1167.7,Processed
RET_00047,ORD_006041,2025-10-23,Quality Issue,339.32,Rejected
RET_00048,ORD_007706,2025-10-23,Changed Mind,2313.23,Processed
RET_00049,ORD_000310,2025-11-14,Wrong Item,643.34,Processed
RET_00050,ORD_007386,2025-12-09,Size Issue,850.51,Processed
RET_00051,ORD_001523,2025-10-27,Defective,118.97,Processed
RET_00052,ORD_006115,2025-11-22,Defective,566.61,Processed
RET_00053,ORD_003568,2025-11-30,Changed Mind,86.58,Processed
RET_00054,ORD_000389,2025-10-23,Changed Mind,212.51,Processed
RET_00055,ORD_006510,2025-12-01,Wrong Item,700.31,Rejected
RET_00056,ORD_001484,2025-12-01,Size Issue,446.22,Processed
RET_00057,ORD_007700,2025-12-16,Size Issue,439.01,Processed
RET_00058,ORD_007844,2025-12-18,Size Issue,552.29,Pending
RET_00059,ORD_006145,2025-11-27,Defective,794.02,Processed
RET_00060,ORD_005647,2025-11-18,Quality Issue,1749.91,Processed
RET_00061,ORD_003733,2025-12-30,Defective,900.24,Processed
RET_00062,ORD_004636,2025-11-06,Defective,271.2,Processed
RET_00063,ORD_000030,2025-12-09,Wrong Item,1137.74,Processed
RET_00064,ORD_005580,2025-10-23,Defective,1028.45,Processed
RET_00065,ORD_007466,2025-11-22,Quality Issue,304.18,Pending
RET_00066,ORD_000925,2025-10-29,Wrong Item,1206.7,Processed
RET_00067,ORD_004840,2025-10-30,Quality Issue,245.37,Pending
RET_00068,ORD_005909,2025-10-28,Quality Issue,690.15,Processed
RET_00069,ORD_005448,2025-12-05,Wrong Item,206.4,Processed
RET_00070,ORD_006585,2025-12-12,Changed Mind,250.03,Processed
RET_00071,ORD_000678,2025-12-27,Quality Issue,120.31,Processed
RET_00072,ORD_003565,2025-12-04,Quality Issue,1020.17,Processed
RET_00073,ORD_001612,2025-12-18,Wrong Item,435.45,Processed
RET_00074,ORD_007537,2026-01-04,Defective,246.71,Processed
RET_00075,ORD_005373,2025-12-02,Size Issue,540.33,Rejected
RET_00076,ORD_004915,2025-11-22,Defective,816.21,Processed
RET_00077,ORD_007346,2025-10-31,Defective,1131.1,Processed
RET_00078,ORD_007912,2025-11-11,Size Issue,831.93,Processed
RET_00079,ORD_003981,2026-01-01,Changed Mind,175.83,Processed
RET_00080,ORD_007008,2025-12-28,Wrong Item,125.3,Processed
RET_00081,ORD_003891,2025-10-29,Changed Mind,1083.99,Processed
RET_00082,ORD_005763,2025-10-28,Changed Mind,412.87,Processed
RET_00083,ORD_007219,2026-01-04,Changed Mind,791.18,Rejected
RET_00084,ORD_006544,2026-01-03,Size Issue,562.28,Processed
RET_00085,ORD_006909,2025-12-09,Size Issue,738.02,Pending
RET_00086,ORD_004935,2025-11-02,Wrong Item,544.6,Processed
RET_00087,ORD_001676,2025-10-24,Wrong Item,506.24,Pending
RET_00088,ORD_007720,2025-10-20,Wrong Item,604.15,Pending
RET_00089,ORD_003629,2025-11-08,Changed Mind,367.61,Processed
RET_00090,ORD_003399,2025-10-28,Wrong Item,161.2,Processed
RET_00091,ORD_002652,2025-11-27,Defective,770.56,Processed
RET_00092,ORD_002417,2025-12-28,Wrong Item,529.88,Processed
RET_00093,ORD_001130,2025-11-14,Wrong Item,907.33,Processed
RET_00094,ORD_005462,2025-11-25,Changed Mind,952.22,Processed
RET_00095,ORD_001006,2025-11-07,Defective,171.51,Processed
RET_00096,ORD_000271,2025-10-23,Changed Mind,1318.09,Processed
RET_00097,ORD_004815,2025-11-23,Wrong Item,557.36,Processed
RET_00098,ORD_005399,2025-11-12,Defective,592.33,Processed
RET_00099,ORD_007016,2025-12-04,Wrong Item,325.62,Pending
RET_00100,ORD_005273,2025-12-19,Size Issue,436.07,Rejected
RET_00101,ORD_006630,2025-12-21,Changed Mind,778.19,Processed
RET_00102,ORD_005391,2025-11-07,Quality Issue,759.08,Processed
RET_00103,ORD_003291,2025-11-30,Changed Mind,802.25,Processed
RET_00104,ORD_002627,2025-10-29,Changed Mind,292.86,Processed
RET_00105,ORD_007994,2025-10-25,Size Issue,934.16,Rejected
RET_00106,ORD_003450,2025-12-01,Defective,395.67,Pending
RET_00107,ORD_001025,2026-01-02,Defective,733.75,Processed
RET_00108,ORD_000686,2025-11-12,Changed Mind,742.93,Processed
RET_00109,ORD_004019,2025-11-01,Changed Mind,827.24,Processed
RET_00110,ORD_000107,2025-11-20,Changed Mind,452.4,Processed
RET_00111,ORD_001686,2025-11-08,Quality Issue,712.61,Processed
RET_00112,ORD_000687,2025-10-17,Defective,587.98,Processed
RET_00113,ORD_003513,2025-10-17,Quality Issue,722.27,Processed
RET_00114,ORD_001861,2025-11-28,Changed Mind,343.58,Processed
RET_00115,ORD_004630,2025-12-17,Wrong Item,916.17,Processed
RET_00116,ORD_007525,2025-10-14,Size Issue,263.83,Processed
RET_00117,ORD_006156,2025-12-04,Quality Issue,1027.98,Processed
RET_00118,ORD_007289,2025-11-30,Wrong Item,997.78,Processed
RET_00119,ORD_001376,2026-01-03,Changed Mind,802.82,Processed
RET_00120,ORD_006086,2025-11-23,Defective,2031.44,Rejected
RET_00121,ORD_002488,2025-10-13,Wrong Item,1324.8,Processed
RET_00122,ORD_004356,2025-11-08,Changed Mind,566.63,Processed
RET_00123,ORD_004293,2026-01-04,Wrong Item,250.93,Processed
RET_00124,ORD_001155,2025-11-05,Changed Mind,356.2,Pending
RET_00125,ORD_005623,2025-11-14,Defective,422.97,Processed
RET_00126,ORD_001818,2025-11-12,Defective,333.24,Processed
RET_00127,ORD_000835,2025-11-04,Changed Mind,1093.88,Processed
RET_00128,ORD_005990,2025-12-27,Changed Mind,281.78,Processed
RET_00129,ORD_003444,2025-10-11,Quality Issue,468.8,Processed
RET_00130,ORD_005111,2025-12-26,Defective,344.52,Processed
RET_00131,ORD_001655,2025-12-09,Defective,789.03,Processed
RET_00132,ORD_001662,2025-10-26,Changed Mind,828.24,Pending
RET_00133,ORD_005738,2025-10-12,Defective,517.32,Processed
RET_00134,ORD_003958,2025-11-19,Wrong Item,880.83,Processed
RET_00135,ORD_007290,2025-12-02,Defective,765.23,Rejected
RET_00136,ORD_000675,2025-10-19,Size Issue,362.68,Rejected
RET_00137,ORD_007718,2025-12-08,Wrong Item,1772.77,Processed
RET_00138,ORD_001804,2026-01-01,Size Issue,277.28,Processed
RET_00139,ORD_000258,2026-01-03,Defective,531.77,Rejected
RET_00140,ORD_001519,2025-12-02,Quality Issue,164.51,Processed
RET_00141,ORD_001579,2025-12-17,Changed Mind,271.17,Processed
RET_00142,ORD_007039,2025-11-16,Quality Issue,293.36,Processed
RET_00143,ORD_004072,2025-11-05,Defective,747.33,Processed
RET_00144,ORD_007549,2025-12-13,Wrong Item,217.18,Processed
RET_00145,ORD_000508,2026-01-01,Defective,350.51,Processed
RET_00146,ORD_000681,2025-11-15,Size Issue,2039.95,Processed
RET_00147,ORD_000884,2025-10-29,Changed Mind,260.99,Processed
RET_00148,ORD_002581,2025-12-15,Wrong Item,1468.19,Processed
RET_00149,ORD_006976,2026-01-03,Wrong Item,1742.25,Processed
RET_00150,ORD_002394,2025-11-08,Defective,579.76,Processed
RET_00151,ORD_005957,2025-11-30,Size Issue,841.97,Processed
RET_00152,ORD_005267,2025-11-02,Defective,842.04,Pending
RET_00153,ORD_001458,2025-12-10,Defective,724.47,Processed
RET_00154,ORD_006983,2025-10-26,Wrong Item,798.47,Pending
RET_00155,ORD_006039,2025-12-21,Size Issue,202.84,Processed
RET_00156,ORD_003944,2025-12-25,Changed Mind,576.15,Processed
RET_00157,ORD_006089,2025-12-07,Defective,614.2,Processed
RET_00158,ORD_004091,2025-12-11,Changed Mind,731.7,Processed
RET_00159,ORD_006748,2025-12-27,Defective,1653.08,Processed
RET_00160,ORD_002621,2025-12-31,Changed Mind,389.11,Processed
RET_00161,ORD_004763,2025-12-24,Defective,189.16,Processed
RET_00162,ORD_003834,2025-10-22,Changed Mind,1667.57,Processed
RET_00163,ORD_003889,2025-10-24,Wrong Item,514.41,Processed
RET_00164,ORD_003997,2025-10-30,Wrong Item,1000.83,Pending
RET_00165,ORD_001878,2025-12-09,Defective,107.05,Pending
RET_00166,ORD_004805,2025-12-04,Size Issue,112.65,Processed
RET_00167,ORD_002011,2026-01-02,Quality Issue,797.02,Processed
RET_00168,ORD_006810,2026-01-04,Quality Issue,216.34,Processed
RET_00169,ORD_002648,2025-10-30,Changed Mind,624.95,Processed
RET_00170,ORD_003364,2025-11-24,Defective,94.75,Pending
RET_00171,ORD_001359,2026-01-01,Changed Mind,100.35,Processed
RET_00172,ORD_007691,2025-11-08,Quality Issue,490.83,Rejected
RET_00173,ORD_002173,2025-11-09,Defective,1251.12,Processed
RET_00174,ORD_006884,2025-12-13,Changed Mind,315.56,Processed
RET_00175,ORD_005669,2025-11-16,Quality Issue,1331.97,Pending
RET_00176,ORD_006725,2025-12-11,Changed Mind,589.34,Processed
RET_00177,ORD_005754,2025-12-02,Changed Mind,358.01,Processed
RET_00178,ORD_001005,2026-01-02,Defective,808.81,Processed
RET_00179,ORD_004098,2025-11-27,Defective,769.99,Processed
RET_00180,ORD_005493,2025-10-31,Size Issue,723.23,Processed
RET_00181,ORD_004158,2026-01-01,Size Issue,433.46,Processed
RET_00182,ORD_002951,2025-12-29,Changed Mind,2121.67,Processed
RET_00183,ORD_003037,2025-11-11,Size Issue,960.28,Processed
RET_00184,ORD_001887,2025-11-23,Wrong Item,1042.93,Processed
RET_00185,ORD_002149,2025-11-16,Changed Mind,140.46,Processed
RET_00186,ORD_003860,2025-10-31,Wrong Item,512.75,Processed
RET_00187,ORD_006785,2025-12-12,Defective,530.88,Processed
RET_00188,ORD_000300,2025-11-25,Changed Mind,483.79,Processed
RET_00189,ORD_000777,2025-11-28,Changed Mind,958.7,Processed
RET_00190,ORD_007120,2025-12-11,Quality Issue,939.36,Processed
RET_00191,ORD_005847,2025-11-03,Wrong Item,710.39,Processed
RET_00192,ORD_001573,2025-12-03,Changed Mind,721.99,Processed
RET_00193,ORD_007101,2026-01-04,Changed Mind,2065.53,Pending
RET_00194,ORD_001547,2025-11-06,Size Issue,296.28,Pending
RET_00195,ORD_005028,2025-10-30,Defective,1202.28,Processed
RET_00196,ORD_004171,2025-12-04,Wrong Item,732.01,Processed
RET_00197,ORD_000978,2025-12-02,Wrong Item,638.41,Processed
RET_00198,ORD_004459,2025-12-02,Wrong Item,628.3,Processed
RET_00199,ORD_006823,2025-12-30,Wrong Item,175.03,Processed
RET_00200,ORD_003322,2025-10-23,Defective,470.93,Processed
RET_00201,ORD_005067,2025-12-12,Defective,250.94,Processed
RET_00202,ORD_004090,2025-10-15,Wrong Item,291.4,Processed
RET_00203,ORD_000949,2026-01-03,Wrong Item,368.63,Pending
RET_00204,ORD_003477,2025-11-13,Changed Mind,81.58,Rejected
RET_00205,ORD_002985,2025-11-10,Changed Mind,705.08,Rejected
RET_00206,ORD_000929,2025-11-09,Defective,354.37,Processed
RET_00207,ORD_002071,2025-11-28,Changed Mind,198.13,Rejected
RET_00208,ORD_000116,2025-11-17,Size Issue,464.18,Processed
RET_00209,ORD_003184,2025-11-29,Defective,572.35,Processed
RET_00210,ORD_003782,2026-01-04,Defective,166.61,Processed
RET_00211,ORD_004746,2025-10-15,Wrong Item,154.43,Processed
RET_00212,ORD_005091,2025-11-03,Size Issue,1511.69,Processed
RET_00213,ORD_001287,2025-12-10,Wrong Item,451.72,Processed
RET_00214,ORD_000461,2026-01-03,Wrong Item,484.03,Processed
RET_00215,ORD_004324,2025-11-18,Defective,186.86,Pending
RET_00216,ORD_000343,2026-01-02,Wrong Item,774.46,Processed
RET_00217,ORD_004854,2026-01-03,Changed Mind,396.3,Processed
RET_00218,ORD_002171,2025-11-03,Defective,380.72,Processed
RET_00219,ORD_004268,2025-11-10,Defective,906.33,Processed
RET_00220,ORD_005558,2025-11-20,Size Issue,298.41,Processed
RET_00221,ORD_000883,2025-11-26,Changed Mind,646.76,Processed
RET_00222,ORD_000626,2026-01-03,Defective,584.5,Processed
RET_00223,ORD_005435,2025-10-24,Changed Mind,1365.89,Processed
RET_00224,ORD_007212,2025-12-19,Changed Mind,384.37,Processed
RET_00225,ORD_003226,2025-12-19,Quality Issue,802.47,Processed
RET_00226,ORD_000762,2025-11-26,Defective,485.79,Processed
RET_00227,ORD_003159,2025-11-09,Quality Issue,927.83,Processed
RET_00228,ORD_003662,2025-12-18,Size Issue,536.24,Processed
RET_00229,ORD_001667,2025-12-17,Changed Mind,703.32,Processed
RET_00230,ORD_005524,2025-11-04,Size Issue,707.46,Pending
RET_00231,ORD_000304,2025-11-19,Wrong Item,461.52,Processed
RET_00232,ORD_000051,2025-12-20,Size Issue,446.85,Processed
RET_00233,ORD_006471,2025-12-13,Quality Issue,364.84,Processed
RET_00234,ORD_002074,2025-11-15,Wrong Item,174.33,Processed
RET_00235,ORD_004156,2025-12-12,Changed Mind,322.74,Processed
RET_00236,ORD_005055,2026-01-02,Quality Issue,1875.63,Rejected
RET_00237,ORD_004797,2025-11-09,Changed Mind,331.84,Processed
RET_00238,ORD_006285,2025-12-09,Changed Mind,155.47,Processed
RET_00239,ORD_005320,2025-11-19,Quality Issue,532.95,Processed
RET_00240,ORD_005636,2025-10-31,Defective,257.14,Pending
RET_00241,ORD_006737,2025-12-17,Defective,762.98,Processed
RET_00242,ORD_001424,2025-12-11,Defective,2177.05,Rejected
RET_00243,ORD_000591,2026-01-03,Size Issue,927.38,Pending
RET_00244,ORD_007005,2025-12-14,Quality Issue,1243.88,Processed
RET_00245,ORD_000428,2025-10-26,Wrong Item,299.29,Processed
RET_00246,ORD_000634,2026-01-01,Size Issue,903.39,Processed
RET_00247,ORD_003431,2025-12-13,Quality Issue,296.43,Processed
RET_00248,ORD_006805,2025-10-16,Quality Issue,1513.07,Processed
RET_00249,ORD_007565,2025-11-26,Changed Mind,795.32,Processed
RET_00250,ORD_006497,2025-12-03,Defective,208.4,Processed
RET_00251,ORD_001859,2025-11-14,Wrong Item,1626.39,Processed
RET_00252,ORD_004933,2025-11-22,Size Issue,646.49,Processed
RET_00253,ORD_004834,2025-12-20,Wrong Item,420.01,Pending
RET_00254,ORD_003151,2025-11-26,Size Issue,589.43,Processed
RET_00255,ORD_005917,2025-12-16,Size Issue,388.18,Rejected
RET_00256,ORD_005579,2026-01-01,Quality Issue,721.6,Pending
RET_00257,ORD_006218,2025-12-01,Changed Mind,283.26,Processed
RET_00258,ORD_002698,2025-12-10,Changed Mind,148.32,Processed
RET_00259,ORD_004355,2025-10-20,Wrong Item,203.87,Processed
RET_00260,ORD_004140,2025-12-31,Wrong Item,326.32,Processed
RET_00261,ORD_001557,2026-01-04,Wrong Item,921.05,Processed
RET_00262,ORD_002133,2026-01-04,Quality Issue,525.51,Processed
RET_00263,ORD_000872,2025-11-29,Quality Issue,249.37,Processed
RET_00264,ORD_003411,2025-12-08,Defective,997.66,Processed
RET_00265,ORD_002762,2025-12-01,Wrong Item,459.84,Processed
RET_00266,ORD_007911,2026-01-01,Size Issue,464.28,Processed
RET_00267,ORD_000454,2025-11-14,Quality Issue,695.7,Processed
RET_00268,ORD_005925,2026-01-02,Wrong Item,330.55,Processed
RET_00269,ORD_000207,2025-12-15,Changed Mind,730.99,Processed
RET_00270,ORD_002206,2025-10-19,Wrong Item,760.77,Pending
RET_00271,ORD_004884,2025-12-14,Changed Mind,268.56,Pending
RET_00272,ORD_004107,2025-11-25,Changed Mind,1390.43,Processed
RET_00273,ORD_000891,2025-12-05,Size Issue,405.86,Processed
RET_00274,ORD_003550,2025-12-29,Changed Mind,669.37,Processed
RET_00275,ORD_003121,2025-11-04,Defective,760.67,Processed
RET_00276,ORD_005381,2025-11-17,Wrong Item,722.22,Processed
RET_00277,ORD_007925,2025-11-03,Size Issue,794.27,Processed
RET_00278,ORD_000993,2026-01-02,Wrong Item,123.77,Processed
RET_00279,ORD_005814,2025-12-10,Size Issue,548.61,Processed
RET_00280,ORD_000755,2026-01-01,Changed Mind,955.88,Processed
RET_00281,ORD_002556,2025-11-18,Quality Issue,1810.68,Processed
RET_00282,ORD_005589,2025-10-18,Defective,880.4,Processed
RET_00283,ORD_000493,2025-10-30,Changed Mind,505.68,Processed
RET_00284,ORD_003853,2025-12-10,Quality Issue,1918.68,Processed
RET_00285,ORD_006112,2025-12-10,Defective,1712.24,Processed
RET_00286,ORD_000106,2025-12-05,Changed Mind,129.43,Processed
RET_00287,ORD_000221,2025-10-22,Defective,98.77,Pending
RET_00288,ORD_007868,2026-01-01,Defective,741.16,Processed
RET_00289,ORD_000709,2025-10-29,Defective,909.49,Pending
RET_00290,ORD_007540,2026-01-04,Size Issue,682.65,Processed
RET_00291,ORD_006062,2025-12-30,Defective,759.97,Processed
RET_00292,ORD_003770,2025-11-24,Changed Mind,470.14,Processed
RET_00293,ORD_004523,2025-10-27,Wrong Item,293.5,Pending
RET_00294,ORD_006831,2026-01-01,Defective,423.88,Processed
RET_00295,ORD_000588,2025-12-09,Wrong Item,443.69,Processed
RET_00296,ORD_006488,2025-10-25,Defective,1544.14,Processed
RET_00297,ORD_002575,2026-01-03,Changed Mind,687.88,Rejected
RET_00298,ORD_001740,2025-10-23,Quality Issue,887.53,Processed
RET_00299,ORD_003618,2025-11-04,Defective,419.49,Processed
RET_00300,ORD_006833,2025-11-15,Wrong Item,94.18,Processed
RET_00301,ORD_000935,2025-11-20,Changed Mind,896.99,Processed
RET_00302,ORD_003464,2025-11-16,Changed Mind,907.86,Processed
RET_00303,ORD_005853,2025-12-12,Changed Mind,1332.4,Processed
RET_00304,ORD_000064,2025-11-01,Size Issue,836.1,Processed
RET_00305,ORD_003780,2025-12-07,Wrong Item,824.32,Rejected
RET_00306,ORD_004906,2025-12-25,Changed Mind,268.22,Pending
RET_00307,ORD_003720,2025-12-10,Changed Mind,368.41,Pending
RET_00308,ORD_001453,2025-10-27,Wrong Item,214.44,Processed
RET_00309,ORD_007051,2025-11-08,Size Issue,853.8,Pending
RET_00310,ORD_006905,2025-12-12,Changed Mind,484.43,Processed
RET_00311,ORD_006621,2025-10-28,Quality Issue,640.96,Processed
RET_00312,ORD_000406,2026-01-01,Changed Mind,684.32,Processed
RET_00313,ORD_001875,2025-11-26,Defective,1189.76,Processed
RET_00314,ORD_006265,2025-12-09,Size Issue,478.11,Processed
RET_00315,ORD_007379,2025-12-20,Quality Issue,716.24,Processed
RET_00316,ORD_003812,2025-12-28,Wrong Item,758.61,Processed
RET_00317,ORD_005344,2025-10-29,Defective,208.51,Processed
RET_00318,ORD_002165,2025-12-26,Defective,613.38,Processed
RET_00319,ORD_001849,2026-01-01,Defective,289.62,Processed
RET_00320,ORD_007997,2025-11-24,Quality Issue,596.55,Processed
RET_00321,ORD_007003,2025-11-17,Size Issue,543.49,Pending
RET_00322,ORD_005078,2025-12-12,Wrong Item,280.13,Processed
RET_00323,ORD_004301,2025-12-16,Size Issue,653.38,Processed
RET_00324,ORD_006857,2026-01-04,Quality Issue,663.26,Processed
RET_00325,ORD_007259,2026-01-04,Defective,573.15,Processed
RET_00326,ORD_003500,2025-12-09,Changed Mind,698.83,Processed
RET_00327,ORD_001340,2025-10-15,Defective,772.18,Processed
RET_00328,ORD_002683,2025-11-19,Wrong Item,925.52,Rejected
RET_00329,ORD_000122,2025-11-16,Size Issue,890.2,Processed
RET_00330,ORD_006691,2025-10-18,Defective,823.44,Processed
RET_00331,ORD_002150,2026-01-03,Wrong Item,166.84,Processed
RET_00332,ORD_002549,2025-10-19,Defective,248.38,Processed
RET_00333,ORD_001834,2025-12-14,Wrong Item,205.29,Processed
RET_00334,ORD_004737,2026-01-04,Defective,539.35,Processed
RET_00335,ORD_005699,2025-12-25,Size Issue,227.94,Processed
RET_00336,ORD_005880,2025-11-22,Size Issue,729.09,Processed
RET_00337,ORD_007307,2025-11-28,Quality Issue,993.4,Processed
RET_00338,ORD_002428,2025-11-29,Wrong Item,2039.66,Processed
RET_00339,ORD_005463,2025-11-03,Quality Issue,731.9,Processed
RET_00340,ORD_004699,2026-01-02,Changed Mind,118.9,Processed
RET_00341,ORD_002883,2025-10-28,Changed Mind,878.88,Processed
RET_00342,ORD_004982,2026-01-04,Size Issue,1138.41,Processed
RET_00343,ORD_001417,2025-12-08,Wrong Item,923.41,Processed
RET_00344,ORD_000119,2026-01-04,Defective,797.07,Processed
RET_00345,ORD_000421,2025-12-07,Wrong Item,865.55,Processed
RET_00346,ORD_001872,2025-10-26,Size Issue,1468.27,Processed
RET_00347,ORD_001475,2025-11-03,Changed Mind,686.87,Pending
RET_00348,ORD_005305,2025-12-17,Changed Mind,137.94,Processed
RET_00349,ORD_004384,2025-11-22,Changed Mind,458.74,Processed
RET_00350,ORD_001233,2025-12-14,Defective,674.89,Processed
RET_00351,ORD_007284,2025-12-14,Defective,548.21,Processed
RET_00352,ORD_000592,2026-01-02,Wrong Item,842.39,Pending
RET_00353,ORD_000023,2025-11-30,Size Issue,495.54,Processed
RET_00354,ORD_001200,2025-12-17,Size Issue,338.19,Processed
RET_00355,ORD_005247,2026-01-02,Changed Mind,303.98,Pending
RET_00356,ORD_007837,2025-11-28,Defective,128.6,Processed
RET_00357,ORD_006169,2025-12-09,Defective,677.86,Processed
RET_00358,ORD_004014,2026-01-02,Defective,641.29,Processed
RET_00359,ORD_002807,2025-12-28,Size Issue,731.57,Processed
RET_00360,ORD_007178,2025-11-30,Size Issue,202.86,Processed
RET_00361,ORD_004200,2025-11-25,Defective,501.45,Processed
RET_00362,ORD_002182,2025-12-23,Size Issue,244.74,Pending
RET_00363,ORD_004657,2025-11-09,Defective,1016.87,Processed
RET_00364,ORD_000735,2026-01-02,Size Issue,660.57,Processed
RET_00365,ORD_003100,2025-11-28,Defective,102.2,Processed
RET_00366,ORD_005970,2025-12-06,Quality Issue,894.93,Processed
RET_00367,ORD_007387,2025-11-13,Defective,465.79,Processed
RET_00368,ORD_005663,2025-11-08,Changed Mind,637.37,Processed
RET_00369,ORD_001303,2026-01-03,Size Issue,998.66,Processed
RET_00370,ORD_006150,2026-01-01,Changed Mind,494.37,Processed
RET_00371,ORD_004357,2025-12-03,Quality Issue,158.25,Processed
RET_00372,ORD_001927,2025-11-22,Changed Mind,659.47,Rejected
RET_00373,ORD_002009,2025-11-01,Quality Issue,2408.61,Processed
RET_00374,ORD_000019,2026-01-02,Wrong Item,834.28,Processed
RET_00375,ORD_003148,2025-11-26,Quality Issue,1425.34,Pending
RET_00376,ORD_002307,2025-11-13,Wrong Item,898.58,Processed
RET_00377,ORD_001891,2025-12-22,Size Issue,719.62,Processed
RET_00378,ORD_003419,2026-01-03,Changed Mind,987.88,Processed
RET_00379,ORD_002118,2025-12-14,Size Issue,645.99,Processed
RET_00380,ORD_004050,2026-01-02,Changed Mind,209.35,Processed
RET_00381,ORD_005693,2025-12-16,Defective,766.64,Processed
RET_00382,ORD_004677,2026-01-04,Changed Mind,615.57,Processed
RET_00383,ORD_004802,2025-12-06,Changed Mind,248.66,Processed
RET_00384,ORD_005398,2025-12-19,Changed Mind,707.0,Processed
RET_00385,ORD_002162,2025-10-24,Wrong Item,159.57,Processed
RET_00386,ORD_000553,2026-01-04,Wrong Item,749.44,Processed
RET_00387,ORD_004643,2025-12-09,Size Issue,285.77,Processed
RET_00388,ORD_002350,2025-10-27,Changed Mind,93.12,Processed
RET_00389,ORD_005086,2025-12-05,Defective,368.96,Processed
RET_00390,ORD_000939,2025-11-17,Wrong Item,335.28,Processed
RET_00391,ORD_007287,2025-12-02,Quality Issue,121.37,Processed
RET_00392,ORD_002608,2025-12-29,Changed Mind,943.83,Pending
RET_00393,ORD_005071,2025-12-10,Defective,196.48,Processed
RET_00394,ORD_006213,2026-01-03,Defective,1670.54,Processed
RET_00395,ORD_006194,2025-12-09,Changed Mind,927.62,Processed
RET_00396,ORD_001774,2025-10-28,Changed Mind,1930.41,Processed
RET_00397,ORD_003998,2025-10-24,Defective,615.14,Rejected
RET_00398,ORD_000911,2025-12-26,Defective,243.54,Processed
RET_00399,ORD_007713,2025-11-08,Quality Issue,653.08,Pending
RET_00400,ORD_002362,2026-01-04,Size Issue,278.53,Processed
RET_00401,ORD_004991,2025-12-20,Size Issue,916.78,Processed
RET_00402,ORD_007917,2025-12-24,Size Issue,539.56,Rejected
RET_00403,ORD_000596,2025-10-26,Defective,544.8,Processed
RET_00404,ORD_001220,2025-11-20,Size Issue,1395.32,Processed
RET_00405,ORD_000345,2025-12-12,Defective,737.43,Processed
RET_00406,ORD_005591,2025-12-18,Changed Mind,960.67,Processed
RET_00407,ORD_001781,2025-11-15,Defective,458.62,Processed
RET_00408,ORD_001941,2026-01-03,Defective,280.79,Processed
RET_00409,ORD_002352,2025-11-03,Defective,571.36,Pending
RET_00410,ORD_005405,2025-11-17,Defective,241.95,Processed
RET_00411,ORD_006322,2025-12-05,Size Issue,520.62,Processed
RET_00412,ORD_003781,2025-11-30,Defective,240.62,Pending
RET_00413,ORD_003415,2025-11-14,Changed Mind,383.22,Processed
RET_00414,ORD_006227,2025-11-18,Wrong Item,570.64,Processed
RET_00415,ORD_007215,2025-12-30,Wrong Item,370.15,Processed
RET_00416,ORD_001512,2026-01-02,Wrong Item,489.33,Processed
RET_00417,ORD_000256,2025-12-28,Quality Issue,141.06,Processed
RET_00418,ORD_006557,2026-01-01,Wrong Item,951.47,Processed
RET_00419,ORD_007806,2025-11-20,Changed Mind,1105.0,Processed
RET_00420,ORD_003708,2025-12-30,Size Issue,2051.41,Pending
RET_00421,ORD_006765,2025-11-29,Changed Mind,450.23,Processed
RET_00422,ORD_004541,2025-12-18,Changed Mind,2022.54,Processed
RET_00423,ORD_003772,2026-01-02,Wrong Item,688.56,Processed
RET_00424,ORD_004571,2026-01-03,Changed Mind,1218.0,Processed
RET_00425,ORD_001950,2025-12-30,Defective,1918.19,Pending
RET_00426,ORD_006481,2025-12-08,Quality Issue,949.07,Processed
RET_00427,ORD_007933,2025-10-20,Wrong Item,750.25,Processed
RET_00428,ORD_007253,2025-12-22,Size Issue,1059.84,Processed
RET_00429,ORD_007436,2025-11-16,Changed Mind,120.44,Processed
RET_00430,ORD_002192,2026-01-03,Changed Mind,669.36,Pending
RET_00431,ORD_004938,2025-12-22,Defective,792.68,Processed
RET_00432,ORD_007792,2025-10-11,Changed Mind,346.17,Processed
RET_00433,ORD_000111,2025-12-27,Defective,291.33,Pending
RET_00434,ORD_006755,2026-01-04,Defective,885.87,Pending
RET_00435,ORD_004563,2025-10-22,Defective,2281.42,Processed
RET_00436,ORD_000612,2026-01-01,Size Issue,690.68,Pending
RET_00437,ORD_005275,2025-12-21,Quality Issue,543.88,Processed
RET_00438,ORD_003318,2025-11-02,Changed Mind,843.1,Processed
RET_00439,ORD_001990,2025-10-31,Defective,312.2,Processed
RET_00440,ORD_007425,2025-10-25,Defective,537.04,Pending
RET_00441,ORD_001636,2025-12-23,Defective,244.87,Processed
RET_00442,ORD_004529,2025-12-23,Changed Mind,492.85,Processed
RET_00443,ORD_003534,2026-01-04,Quality Issue,383.76,Processed
RET_00444,ORD_002618,2025-11-14,Quality Issue,410.21,Pending
RET_00445,ORD_001946,2025-11-12,Quality Issue,989.17,Processed
RET_00446,ORD_000490,2026-01-03,Wrong Item,691.61,Processed
RET_00447,ORD_002464,2025-10-21,Changed Mind,1035.99,Processed
RET_00448,ORD_006917,2026-01-02,Size Issue,65.14,Processed
RET_00449,ORD_005076,2025-12-03,Wrong Item,657.31,Processed
RET_00450,ORD_000619,2025-11-19,Defective,298.13,Processed
RET_00451,ORD_001468,2025-12-17,Defective,144.75,Processed
RET_00452,ORD_001441,2025-10-18,Changed Mind,469.47,Processed
RET_00453,ORD_002443,2025-11-23,Changed Mind,659.57,Processed
RET_00454,ORD_000243,2025-12-23,Changed Mind,2039.82,Rejected
RET_00455,ORD_002279,2025-11-17,Defective,489.87,Processed
RET_00456,ORD_007535,2026-01-02,Quality Issue,789.56,Processed
RET_00457,ORD_007614,2025-11-18,Wrong Item,1379.86,Processed
RET_00458,ORD_003539,2025-12-02,Changed Mind,88.07,Processed
RET_00459,ORD_007762,2025-12-17,Changed Mind,686.29,Processed
RET_00460,ORD_005886,2025-10-29,Changed Mind,371.45,Processed
RET_00461,ORD_004414,2025-12-22,Changed Mind,216.72,Processed
RET_00462,ORD_004097,2025-11-23,Wrong Item,1266.97,Processed
RET_00463,ORD_003666,2026-01-04,Wrong Item,1980.62,Processed
RET_00464,ORD_006886,2025-12-17,Changed Mind,546.44,Processed
RET_00465,ORD_005476,2025-12-17,Defective,197.07,Pending
RET_00466,ORD_006928,2026-01-03,Changed Mind,589.41,Processed
RET_00467,ORD_001270,2025-11-19,Defective,769.71,Processed
RET_00468,ORD_002536,2025-10-30,Wrong Item,1666.42,Pending
RET_00469,ORD_005877,2025-11-26,Changed Mind,414.67,Pending
RET_00470,ORD_003193,2025-12-22,Defective,543.69,Processed
RET_00471,ORD_003368,2025-12-19,Quality Issue,516.07,Processed
RET_00472,ORD_002251,2025-12-16,Defective,401.46,Processed
RET_00473,ORD_007441,2025-12-08,Quality Issue,294.89,Processed
RET_00474,ORD_003144,2025-12-03,Changed Mind,2079.31,Processed
RET_00475,ORD_000928,2025-11-01,Defective,426.03,Processed
RET_00476,ORD_002711,2025-11-13,Defective,842.16,Processed
RET_00477,ORD_003738,2025-12-08,Size Issue,313.54,Processed
RET_00478,ORD_006540,2025-12-29,Quality Issue,1283.96,Processed
RET_00479,ORD_006702,2026-01-04,Wrong Item,347.71,Pending
RET_00480,ORD_005202,2025-11-20,Defective,322.06,Processed
RET_00481,ORD_007939,2026-01-02,Wrong Item,783.51,Processed
RET_00482,ORD_003655,2025-11-27,Quality Issue,576.05,Processed
RET_00483,ORD_002510,2025-12-15,Quality Issue,339.21,Pending
RET_00484,ORD_000296,2025-11-03,Defective,814.04,Processed
RET_00485,ORD_002083,2025-11-19,Wrong Item,1355.06,Processed
RET_00486,ORD_004890,2025-12-29,Quality Issue,754.01,Processed
RET_00487,ORD_000545,2025-11-24,Wrong Item,1605.83,Processed
RET_00488,ORD_000322,2025-10-22,Defective,766.89,Processed
RET_00489,ORD_006616,2025-11-29,Wrong Item,251.83,Processed
RET_00490,ORD_005015,2025-11-10,Quality Issue,646.56,Processed
RET_00491,ORD_005735,2026-01-03,Defective,765.0,Processed
RET_00492,ORD_006912,2025-12-19,Size Issue,264.91,Processed
RET_00493,ORD_000518,2025-10-31,Quality Issue,357.41,Processed
RET_00494,ORD_002943,2025-12-31,Defective,355.53,Processed
RET_00495,ORD_001750,2025-12-25,Changed Mind,1548.86,Processed
RET_00496,ORD_006359,2025-11-28,Defective,769.46,Processed
RET_00497,ORD_005523,2025-12-13,Quality Issue,1231.62,Processed
RET_00498,ORD_002024,2026-01-04,Changed Mind,946.77,Processed
RET_00499,ORD_005161,2025-10-22,Defective,201.66,Processed
RET_00500,ORD_001521,2025-11-14,Defective,407.73,Processed
RET_00501,ORD_006348,2025-10-19,Quality Issue,311.28,Processed
RET_00502,ORD_002416,2025-10-24,Changed Mind,735.11,Processed
RET_00503,ORD_004211,2025-12-13,Changed Mind,301.01,Processed
RET_00504,ORD_002376,2025-11-15,Changed Mind,142.71,Processed
RET_00505,ORD_007029,2026-01-01,Quality Issue,382.64,Processed
RET_00506,ORD_004266,2025-12-22,Defective,358.87,Processed
RET_00507,ORD_001764,2026-01-01,Wrong Item,491.07,Processed
RET_00508,ORD_003589,2026-01-04,Quality Issue,611.39,Processed
RET_00509,ORD_007331,2025-11-09,Quality Issue,1055.97,Processed
RET_00510,ORD_004869,2025-10-30,Defective,398.47,Processed
RET_00511,ORD_000329,2025-11-07,Size Issue,864.53,Processed
RET_00512,ORD_001699,2025-11-06,Quality Issue,890.29,Rejected
RET_00513,ORD_005400,2026-01-01,Changed Mind,1268.36,Processed
RET_00514,ORD_000287,2025-12-27,Changed Mind,261.94,Rejected
RET_00515,ORD_003902,2025-12-23,Wrong Item,816.06,Processed
RET_00516,ORD_007418,2025-11-14,Changed Mind,450.89,Processed
RET_00517,ORD_000088,2025-11-14,Changed Mind,609.89,Processed
RET_00518,ORD_004774,2025-11-21,Quality Issue,711.15,Processed
RET_00519,ORD_001263,2025-11-13,Size Issue,381.26,Processed
RET_00520,ORD_005736,2025-11-30,Defective,191.9,Pending
RET_00521,ORD_002904,2025-11-29,Wrong Item,251.28,Processed
RET_00522,ORD_004270,2026-01-03,Defective,378.19,Processed
RET_00523,ORD_001283,2025-10-29,Defective,553.99,Processed
RET_00524,ORD_007788,2025-12-06,Size Issue,1276.06,Processed
RET_00525,ORD_006739,2025-12-21,Quality Issue,864.08,Processed
RET_00526,ORD_001067,2025-10-31,Changed Mind,89.04,Processed
RET_00527,ORD_003615,2025-12-08,Quality Issue,532.05,Pending
RET_00528,ORD_002937,2026-01-04,Wrong Item,475.6,Processed
RET_00529,ORD_002232,2025-10-24,Wrong Item,40.56,Pending
RET_00530,ORD_000940,2025-10-20,Changed Mind,447.9,Pending
RET_00531,ORD_000487,2025-11-08,Defective,132.86,Processed
RET_00532,ORD_002301,2025-12-27,Changed Mind,647.27,Pending
RET_00533,ORD_002444,2025-11-11,Wrong Item,618.94,Processed
RET_00534,ORD_007477,2025-12-11,Quality Issue,536.88,Processed
RET_00535,ORD_004335,2026-01-01,Changed Mind,553.53,Processed
RET_00536,ORD_005106,2025-12-19,Defective,424.18,Processed
RET_00537,ORD_004733,2026-01-02,Size Issue,435.98,Processed
RET_00538,ORD_000233,2025-11-08,Wrong Item,560.49,Processed
RET_00539,ORD_002180,2025-11-27,Quality Issue,603.8,Processed
RET_00540,ORD_006413,2025-12-27,Size Issue,821.49,Pending
RET_00541,ORD_004929,2025-12-15,Size Issue,600.68,Rejected
RET_00542,ORD_005985,2025-10-25,Size Issue,451.47,Processed
RET_00543,ORD_000632,2025-11-25,Changed Mind,475.75,Pending
RET_00544,ORD_000774,2025-12-14,Changed Mind,1282.26,Processed
RET_00545,ORD_003279,2025-12-25,Defective,1279.9,Pending
RET_00546,ORD_003595,2025-10-18,Wrong Item,732.82,Processed
RET_00547,ORD_007415,2025-11-30,Size Issue,560.42,Processed
RET_00548,ORD_006786,2025-12-15,Defective,480.8,Processed
RET_00549,ORD_006914,2026-01-03,Defective,871.65,Processed
RET_00550,ORD_006809,2025-10-12,Changed Mind,640.58,Pending
RET_00551,ORD_006241,2025-10-23,Wrong Item,1075.12,Processed
RET_00552,ORD_004997,2025-10-28,Size Issue,863.8,Processed
RET_00553,ORD_006275,2025-10-25,Changed Mind,830.09,Processed
RET_00554,ORD_000223,2025-12-20,Changed Mind,1098.12,Processed
RET_00555,ORD_003303,2025-12-12,Quality Issue,501.85,Processed
RET_00556,ORD_003220,2025-11-27,Changed Mind,640.64,Processed
RET_00557,ORD_001647,2025-10-23,Changed Mind,632.4,Processed
RET_00558,ORD_000948,2026-01-02,Wrong Item,256.84,Processed
RET_00559,ORD_005583,2025-11-25,Defective,426.45,Processed
RET_00560,ORD_000423,2025-12-04,Defective,743.52,Processed
RET_00561,ORD_004077,2025-12-15,Changed Mind,377.93,Processed
RET_00562,ORD_003044,2025-11-01,Defective,734.45,Pending
RET_00563,ORD_005287,2025-12-14,Changed Mind,132.57,Processed
RET_00564,ORD_004160,2026-01-04,Size Issue,533.29,Pending
RET_00565,ORD_005035,2025-12-11,Wrong Item,297.31,Processed
RET_00566,ORD_005154,2026-01-03,Wrong Item,695.77,Processed
RET_00567,ORD_000638,2025-12-25,Wrong Item,157.82,Processed
RET_00568,ORD_003567,2025-11-14,Changed Mind,582.63,Processed
RET_00569,ORD_005077,2025-10-30,Wrong Item,385.18,Processed
RET_00570,ORD_005149,2025-10-30,Wrong Item,913.48,Processed
RET_00571,ORD_004148,2025-10-22,Defective,259.8,Pending
RET_00572,ORD_001756,2025-11-12,Defective,583.33,Processed
RET_00573,ORD_006645,2025-12-06,Wrong Item,298.11,Processed
RET_00574,ORD_001631,2025-10-30,Size Issue,572.4,Processed
RET_00575,ORD_002384,2025-11-11,Changed Mind,343.98,Processed
RET_00576,ORD_003588,2025-10-21,Defective,958.01,Pending
RET_00577,ORD_000440,2025-11-04,Defective,504.73,Processed
RET_00578,ORD_004617,2025-10-29,Defective,1070.75,Processed
RET_00579,ORD_007992,2025-11-24,Quality Issue,334.11,Processed
RET_00580,ORD_006982,2026-01-02,Changed Mind,645.73,Processed
RET_00581,ORD_005777,2025-11-12,Wrong Item,864.23,Processed
RET_00582,ORD_007492,2025-11-27,Changed Mind,795.68,Processed
RET_00583,ORD_002887,2025-12-29,Quality Issue,313.5,Processed
RET_00584,ORD_004253,2025-11-03,Defective,999.38,Rejected
RET_00585,ORD_003327,2025-12-22,Size Issue,645.93,Pending
RET_00586,ORD_002726,2025-12-23,Changed Mind,394.94,Processed
RET_00587,ORD_006382,2025-11-25,Changed Mind,787.6,Processed
RET_00588,ORD_002852,2025-11-15,Size Issue,855.17,Processed
RET_00589,ORD_000559,2025-12-06,Quality Issue,404.32,Processed
RET_00590,ORD_002410,2025-11-16,Defective,987.27,Processed
RET_00591,ORD_003250,2026-01-01,Defective,358.3,Processed
RET_00592,ORD_001917,2026-01-02,Changed Mind,1846.16,Processed
RET_00593,ORD_004402,2025-11-27,Quality Issue,398.08,Pending
RET_00594,ORD_002525,2025-11-11,Quality Issue,1127.42,Processed
RET_00595,ORD_002520,2025-11-26,Size Issue,425.63,Pending
RET_00596,ORD_004734,2026-01-04,Changed Mind,283.27,Processed
RET_00597,ORD_000337,2026-01-03,Size Issue,182.06,Pending
RET_00598,ORD_004770,2025-10-21,Size Issue,418.74,Processed
RET_00599,ORD_006931,2025-10-22,Defective,321.99,Processed
RET_00600,ORD_004819,2026-01-01,Changed Mind,1293.01,Processed
RET_00601,ORD_006281,2025-11-05,Defective,1306.22,Processed
RET_00602,ORD_000849,2025-12-21,Wrong Item,720.27,Processed
RET_00603,ORD_003217,2025-12-09,Changed Mind,612.12,Processed
RET_00604,ORD_000749,2025-11-04,Changed Mind,851.85,Processed
RET_00605,ORD_000059,2025-11-26,Defective,710.66,Pending
RET_00606,ORD_007075,2025-11-07,Size Issue,512.12,Processed
RET_00607,ORD_003918,2025-12-05,Quality Issue,267.9,Processed
RET_00608,ORD_000427,2025-11-16,Wrong Item,464.59,Processed
RET_00609,ORD_001297,2026-01-04,Changed Mind,1563.91,Processed
RET_00610,ORD_004897,2025-12-17,Changed Mind,514.61,Processed
RET_00611,ORD_003925,2026-01-02,Defective,826.59,Processed
RET_00612,ORD_003962,2025-11-22,Defective,536.11,Processed
RET_00613,ORD_007097,2025-11-28,Changed Mind,272.12,Processed
RET_00614,ORD_004577,2026-01-02,Defective,428.44,Processed
RET_00615,ORD_001489,2025-11-17,Changed Mind,753.55,Rejected
RET_00616,ORD_007941,2025-11-05,Wrong Item,846.51,Pending
RET_00617,ORD_005131,2025-12-21,Quality Issue,663.96,Processed
RET_00618,ORD_000726,2025-11-04,Quality Issue,127.6,Processed
RET_00619,ORD_003964,2026-01-04,Quality Issue,671.45,Processed
RET_00620,ORD_007429,2025-12-26,Defective,1962.57,Rejected
RET_00621,ORD_000569,2025-12-11,Defective,771.32,Pending
RET_00622,ORD_002691,2026-01-01,Defective,964.04,Processed
RET_00623,ORD_006837,2025-12-13,Wrong Item,865.33,Rejected
RET_00624,ORD_003661,2026-01-02,Defective,821.63,Processed
RET_00625,ORD_005973,2026-01-04,Changed Mind,463.28,Rejected
RET_00626,ORD_000527,2025-12-07,Wrong Item,1223.06,Processed
RET_00627,ORD_000055,2025-11-24,Changed Mind,916.86,Processed
RET_00628,ORD_002238,2025-12-27,Size Issue,802.12,Processed
RET_00629,ORD_002938,2025-11-20,Size Issue,347.26,Processed
RET_00630,ORD_005996,2026-01-01,Defective,1192.28,Processed
RET_00631,ORD_007519,2025-10-28,Size Issue,974.33,Processed
RET_00632,ORD_003505,2025-12-02,Defective,832.95,Processed
RET_00633,ORD_007362,2025-12-19,Size Issue,115.03,Processed
RET_00634,ORD_000026,2025-10-18,Quality Issue,185.77,Processed
RET_00635,ORD_004472,2025-12-07,Wrong Item,470.68,Processed
RET_00636,ORD_006766,2025-11-25,Changed Mind,164.87,Pending
RET_00637,ORD_005206,2026-01-02,Changed Mind,622.84,Processed
RET_00638,ORD_002507,2025-12-11,Changed Mind,1031.76,Processed
RET_00639,ORD_000779,2025-11-06,Size Issue,1809.21,Pending
RET_00640,ORD_000259,2026-01-03,Wrong Item,270.39,Processed
RET_00641,ORD_002128,2025-11-11,Changed Mind,121.72,Pending
RET_00642,ORD_005120,2026-01-01,Quality Issue,597.77,Rejected
RET_00643,ORD_004231,2025-10-18,Defective,790.43,Processed
RET_00644,ORD_000066,2025-12-05,Wrong Item,981.07,Processed
RET_00645,ORD_004901,2025-11-22,Defective,1579.22,Processed
RET_00646,ORD_003335,2025-10-23,Wrong Item,268.3,Processed
RET_00647,ORD_006611,2025-11-29,Wrong Item,390.52,Processed
RET_00648,ORD_006530,2026-01-02,Size Issue,706.76,Processed
RET_00649,ORD_002236,2025-12-30,Size Issue,779.39,Processed
RET_00650,ORD_000132,2025-11-12,Size Issue,530.3,Processed
RET_00651,ORD_006806,2025-12-16,Defective,839.92,Processed
RET_00652,ORD_001716,2025-12-13,Quality Issue,85.77,Processed
RET_00653,ORD_001757,2025-12-10,Defective,919.85,Pending
RET_00654,ORD_000772,2025-11-27,Defective,939.11,Processed
RET_00655,ORD_005903,2025-11-13,Quality Issue,579.62,Pending
RET_00656,ORD_002273,2025-11-18,Wrong Item,411.15,Rejected
RET_00657,ORD_001247,2026-01-02,Changed Mind,413.23,Processed
RET_00658,ORD_007935,2026-01-02,Size Issue,464.99,Processed
RET_00659,ORD_006217,2025-12-17,Changed Mind,214.84,Rejected
RET_00660,ORD_006215,2026-01-03,Defective,963.92,Processed
RET_00661,ORD_006543,2025-10-10,Changed Mind,904.74,Processed
RET_00662,ORD_007766,2026-01-04,Changed Mind,359.14,Processed
RET_00663,ORD_005080,2026-01-02,Quality Issue,120.23,Pending
RET_00664,ORD_005967,2025-12-21,Changed Mind,938.29,Processed
RET_00665,ORD_005300,2026-01-02,Changed Mind,556.76,Processed
RET_00666,ORD_001457,2025-11-05,Wrong Item,1251.69,Processed
RET_00667,ORD_005297,2025-12-23,Changed Mind,806.38,Processed
RET_00668,ORD_005441,2026-01-01,Quality Issue,823.04,Processed
RET_00669,ORD_005434,2025-11-19,Wrong Item,254.73,Processed
RET_00670,ORD_001789,2025-11-17,Changed Mind,1670.64,Processed
RET_00671,ORD_004633,2025-12-17,Wrong Item,732.51,Processed
RET_00672,ORD_001890,2025-12-07,Size Issue,103.53,Pending
RET_00673,ORD_002330,2026-01-01,Wrong Item,476.36,Processed
RET_00674,ORD_005152,2025-12-21,Defective,676.5,Processed
RET_00675,ORD_004521,2025-12-16,Defective,878.39,Processed
RET_00676,ORD_000714,2025-11-09,Changed Mind,795.56,Processed
RET_00677,ORD_006047,2025-11-29,Changed Mind,510.81,Processed
RET_00678,ORD_007034,2025-11-23,Size Issue,700.12,Rejected
RET_00679,ORD_006025,2025-11-29,Wrong Item,695.94,Processed
RET_00680,ORD_002612,2025-10-17,Defective,1667.35,Processed
RET_00681,ORD_005929,2025-10-30,Wrong Item,640.83,Processed
RET_00682,ORD_003640,2025-11-25,Changed Mind,1334.36,Processed
RET_00683,ORD_002176,2025-10-27,Size Issue,607.4,Processed
RET_00684,ORD_007506,2025-11-02,Defective,329.69,Processed
RET_00685,ORD_000525,2026-01-03,Defective,230.18,Processed
RET_00686,ORD_007046,2025-11-07,Quality Issue,286.83,Pending
RET_00687,ORD_000429,2025-10-23,Defective,626.11,Processed
RET_00688,ORD_004236,2025-12-27,Wrong Item,439.64,Rejected
RET_00689,ORD_003137,2026-01-03,Quality Issue,877.6,Processed
RET_00690,ORD_000380,2025-11-01,Quality Issue,335.19,Processed
RET_00691,ORD_001301,2025-11-29,Wrong Item,586.43,Processed
RET_00692,ORD_007697,2025-12-17,Wrong Item,663.29,Pending
RET_00693,ORD_006335,2025-10-24,Wrong Item,736.84,Pending
RET_00694,ORD_002336,2025-12-30,Quality Issue,229.51,Pending
RET_00695,ORD_003693,2025-12-16,Wrong Item,483.18,Processed
RET_00696,ORD_006835,2025-11-15,Changed Mind,1787.45,Processed
RET_00697,ORD_004894,2026-01-02,Defective,113.75,Processed
RET_00698,ORD_003706,2025-12-23,Size Issue,338.35,Processed
RET_00699,ORD_007061,2026-01-03,Quality Issue,336.52,Processed
RET_00700,ORD_006063,2025-12-18,Wrong Item,766.44,Processed
RET_00701,ORD_002813,2025-12-15,Wrong Item,536.67,Processed
RET_00702,ORD_000482,2025-12-08,Defective,585.71,Pending
RET_00703,ORD_001746,2025-11-01,Quality Issue,913.48,Processed
RET_00704,ORD_004602,2025-12-02,Defective,144.5,Processed
RET_00705,ORD_004399,2025-11-18,Changed Mind,494.4,Processed
RET_00706,ORD_007504,2026-01-04,Defective,1660.97,Processed
RET_00707,ORD_007583,2025-10-29,Defective,641.04,Rejected
RET_00708,ORD_006082,2025-12-18,Quality Issue,953.86,Pending
RET_00709,ORD_004713,2025-12-17,Defective,364.88,Processed
RET_00710,ORD_003880,2026-01-03,Defective,837.21,Processed
RET_00711,ORD_004086,2025-11-18,Defective,271.73,Processed
RET_00712,ORD_003354,2026-01-03,Changed Mind,426.39,Processed
RET_00713,ORD_001165,2025-11-29,Size Issue,91.56,Processed
RET_00714,ORD_006768,2025-11-21,Wrong Item,509.35,Processed
RET_00715,ORD_004852,2025-10-20,Quality Issue,154.35,Processed
RET_00716,ORD_001305,2025-12-23,Changed Mind,123.24,Pending
RET_00717,ORD_004860,2025-12-22,Changed Mind,141.12,Rejected
RET_00718,ORD_006261,2025-12-03,Defective,773.92,Processed
RET_00719,ORD_007526,2026-01-03,Defective,111.55,Processed
RET_00720,ORD_004122,2026-01-03,Defective,134.02,Processed
RET_00721,ORD_007677,2025-10-25,Defective,501.99,Processed
RET_00722,ORD_003551,2025-11-07,Defective,787.58,Pending
RET_00723,ORD_006279,2025-11-04,Defective,290.94,Processed
RET_00724,ORD_002856,2025-11-03,Defective,1716.67,Processed
RET_00725,ORD_004628,2025-12-07,Quality Issue,185.18,Pending
RET_00726,ORD_001192,2025-12-21,Size Issue,796.58,Processed
RET_00727,ORD_000161,2025-12-29,Defective,79.43,Processed
RET_00728,ORD_002199,2025-12-05,Changed Mind,1289.53,Pending
RET_00729,ORD_002324,2025-10-29,Quality Issue,163.57,Processed
RET_00730,ORD_006328,2025-12-23,Wrong Item,370.64,Processed
RET_00731,ORD_001566,2025-12-05,Size Issue,520.91,Processed
RET_00732,ORD_004373,2025-11-01,Changed Mind,591.81,Pending
RET_00733,ORD_007085,2025-10-29,Size Issue,1578.55,Processed
RET_00734,ORD_004342,2025-12-14,Defective,1175.43,Processed
RET_00735,ORD_001568,2025-10-31,Changed Mind,544.15,Processed
RET_00736,ORD_005860,2025-11-08,Defective,862.96,Pending
RET_00737,ORD_000561,2025-12-17,Size Issue,644.8,Pending
RET_00738,ORD_003369,2025-10-27,Wrong Item,843.69,Processed
RET_00739,ORD_001281,2025-10-24,Defective,375.84,Pending
RET_00740,ORD_004265,2025-11-25,Defective,1410.33,Processed
RET_00741,ORD_002589,2025-11-29,Defective,362.24,Processed
RET_00742,ORD_003005,2025-11-01,Quality Issue,573.59,Pending
RET_00743,ORD_001334,2026-01-04,Changed Mind,899.67,Rejected
RET_00744,ORD_001921,2025-12-23,Defective,812.58,Pending
RET_00745,ORD_001315,2025-12-10,Wrong Item,948.79,Processed
RET_00746,ORD_001313,2025-11-22,Defective,465.49,Processed
RET_00747,ORD_004192,2025-11-29,Wrong Item,274.55,Processed
RET_00748,ORD_002993,2025-11-04,Changed Mind,912.38,Processed
RET_00749,ORD_006926,2026-01-04,Defective,319.3,Pending
RET_00750,ORD_001466,2025-10-24,Quality Issue,303.52,Rejected
RET_00751,ORD_003233,2025-10-13,Changed Mind,284.73,Processed
RET_00752,ORD_001971,2025-12-19,Size Issue,946.97,Processed
RET_00753,ORD_007875,2025-11-29,Wrong Item,1427.89,Processed
RET_00754,ORD_000362,2025-12-25,Defective,707.98,Pending
RET_00755,ORD_003690,2025-11-08,Changed Mind,396.15,Processed
RET_00756,ORD_002023,2025-11-04,Defective,409.27,Processed
RET_00757,ORD_006969,2026-01-02,Size Issue,97.33,Processed
RET_00758,ORD_001195,2025-12-13,Wrong Item,210.59,Processed
RET_00759,ORD_006925,2025-11-13,Changed Mind,229.1,Rejected
RET_00760,ORD_004111,2025-11-01,Quality Issue,1420.7,Processed
RET_00761,ORD_007426,2025-10-20,Changed Mind,483.61,Processed
RET_00762,ORD_006338,2025-12-28,Changed Mind,1474.62,Processed
RET_00763,ORD_002920,2025-10-21,Defective,909.55,Processed
RET_00764,ORD_002844,2025-12-17,Changed Mind,890.03,Rejected
RET_00765,ORD_003235,2025-10-29,Defective,462.68,Processed
RET_00766,ORD_001206,2025-11-13,Changed Mind,394.98,Processed
RET_00767,ORD_005139,2026-01-02,Changed Mind,153.83,Rejected
RET_00768,ORD_007294,2025-10-30,Wrong Item,243.91,Processed
RET_00769,ORD_007438,2025-11-27,Quality Issue,137.55,Processed
RET_00770,ORD_005748,2025-11-28,Wrong Item,666.54,Processed
RET_00771,ORD_004807,2025-10-26,Changed Mind,282.51,Processed
RET_00772,ORD_000727,2025-12-12,Wrong Item,305.44,Processed
RET_00773,ORD_004804,2025-10-22,Defective,758.08,Pending
RET_00774,ORD_001926,2026-01-02,Defective,425.18,Processed
RET_00775,ORD_001874,2025-10-19,Changed Mind,365.6,Processed
RET_00776,ORD_005087,2025-10-19,Size Issue,1173.32,Processed
RET_00777,ORD_002288,2025-12-06,Quality Issue,95.57,Processed
RET_00778,ORD_005682,2025-12-04,Wrong Item,935.42,Pending
RET_00779,ORD_007111,2025-11-29,Defective,598.32,Pending
RET_00780,ORD_004329,2025-11-18,Changed Mind,146.83,Pending
RET_00781,ORD_005008,2025-11-19,Defective,970.12,Pending
RET_00782,ORD_001657,2025-11-16,Changed Mind,651.27,Processed
RET_00783,ORD_007152,2025-11-13,Wrong Item,296.33,Rejected
RET_00784,ORD_000425,2025-10-26,Wrong Item,64.2,Processed
RET_00785,ORD_007454,2026-01-02,Size Issue,80.39,Processed
RET_00786,ORD_002123,2025-12-26,Wrong Item,209.89,Processed
RET_00787,ORD_003517,2025-11-13,Defective,479.16,Pending
RET_00788,ORD_005549,2025-12-09,Changed Mind,1382.57,Processed
RET_00789,ORD_004564,2025-10-29,Defective,377.19,Processed
RET_00790,ORD_005664,2025-11-03,Size Issue,478.43,Processed
RET_00791,ORD_003951,2025-10-18,Wrong Item,226.68,Processed
RET_00792,ORD_004950,2025-12-10,Size Issue,312.79,Processed
RET_00793,ORD_005671,2025-12-19,Defective,234.17,Processed
RET_00794,ORD_004977,2026-01-01,Quality Issue,118.31,Processed
RET_00795,ORD_004961,2025-11-22,Size Issue,440.56,Pending
RET_00796,ORD_001727,2025-12-23,Quality Issue,957.95,Processed
RET_00797,ORD_001371,2025-11-25,Wrong Item,586.26,Rejected
RET_00798,ORD_007771,2025-12-26,Defective,2169.52,Processed
RET_00799,ORD_000319,2025-12-15,Changed Mind,381.11,Processed
RET_00800,ORD_000540,2025-12-13,Wrong Item,283.65,Pending
